ImageName,cluster
1249.jpg,4
2473.jpg,1
4024.jpg,2
4373.jpg,4
2796.jpg,1
4443.jpg,4
2415.jpg,5
2457.jpg,0
537.jpg,3
1214.jpg,3
2365.jpg,3
1222.jpg,2
1227.jpg,3
3555.jpg,0
660.jpg,0
1693.jpg,0
1479.jpg,2
3765.jpg,5
3225.jpg,3
233.jpg,2
1091.jpg,0
1428.jpg,1
1374.jpg,1
401.jpg,0
4478.jpg,1
2922.jpg,5
4216.jpg,0
2799.jpg,0
3641.jpg,3
3178.jpg,1
162.jpg,0
1337.jpg,1
2946.jpg,1
1211.jpg,3
2303.jpg,5
4156.jpg,3
3313.jpg,4
1884.jpg,2
2343.jpg,5
2340.jpg,1
4566.jpg,4
4180.jpg,1
1689.jpg,0
639.jpg,5
1473.jpg,0
249.jpg,4
3454.jpg,0
4349.jpg,3
3434.jpg,1
1786.jpg,3
517.jpg,3
442.jpg,4
3086.jpg,0
2166.jpg,3
1587.jpg,1
2309.jpg,3
4363.jpg,5
1754.jpg,4
2825.jpg,0
51.jpg,2
1330.jpg,0
1332.jpg,3
2337.jpg,0
3087.jpg,4
1334.jpg,3
1067.jpg,4
3484.jpg,3
3789.jpg,1
914.jpg,5
1594.jpg,1
430.jpg,4
122.jpg,2
1126.jpg,0
3819.jpg,4
1107.jpg,1
4712.jpg,5
1086.jpg,3
240.jpg,5
1825.jpg,0
1208.jpg,3
1690.jpg,4
3097.jpg,3
4246.jpg,3
3932.jpg,3
4589.jpg,1
1995.jpg,5
1237.jpg,1
597.jpg,0
785.jpg,1
2935.jpg,4
2447.jpg,1
4464.jpg,0
4055.jpg,1
4058.jpg,1
4608.jpg,1
3652.jpg,3
1695.jpg,2
300.jpg,1
3504.jpg,3
146.jpg,0
603.jpg,2
2841.jpg,2
159.jpg,3
4682.jpg,0
3808.jpg,1
1161.jpg,3
2780.jpg,4
1481.jpg,0
2024.jpg,0
2299.jpg,2
2622.jpg,0
4725.jpg,0
739.jpg,2
3746.jpg,3
2971.jpg,0
2933.jpg,1
4539.jpg,4
4664.jpg,5
4256.jpg,1
591.jpg,2
2381.jpg,1
3073.jpg,1
333.jpg,1
514.jpg,4
4220.jpg,1
1828.jpg,0
691.jpg,0
2496.jpg,0
4723.jpg,1
3945.jpg,4
2840.jpg,3
28.jpg,0
4401.jpg,0
1700.jpg,3
4656.jpg,1
4117.jpg,0
847.jpg,2
3342.jpg,5
2236.jpg,1
831.jpg,3
3510.jpg,1
2482.jpg,3
3318.jpg,0
1033.jpg,0
1627.jpg,0
2017.jpg,1
1458.jpg,3
3092.jpg,2
2730.jpg,3
269.jpg,3
4298.jpg,0
3688.jpg,1
4433.jpg,3
4026.jpg,4
2763.jpg,1
101.jpg,3
968.jpg,1
1576.jpg,1
1170.jpg,0
577.jpg,5
4455.jpg,5
3198.jpg,5
3490.jpg,4
3961.jpg,2
3197.jpg,3
83.jpg,3
2580.jpg,1
4585.jpg,2
1288.jpg,5
1442.jpg,2
139.jpg,3
1775.jpg,5
4731.jpg,2
1439.jpg,0
2394.jpg,5
3320.jpg,4
902.jpg,3
1830.jpg,5
2984.jpg,0
791.jpg,5
2437.jpg,4
1260.jpg,3
1569.jpg,4
2022.jpg,0
3199.jpg,4
2150.jpg,2
3254.jpg,4
4040.jpg,4
286.jpg,3
3015.jpg,3
3603.jpg,3
1510.jpg,2
1681.jpg,0
897.jpg,0
4052.jpg,0
2751.jpg,2
3903.jpg,5
2590.jpg,0
2072.jpg,5
3031.jpg,3
3258.jpg,3
3063.jpg,3
1833.jpg,3
2376.jpg,0
3118.jpg,4
1859.jpg,4
3083.jpg,1
2162.jpg,1
3301.jpg,3
2468.jpg,0
230.jpg,3
3283.jpg,5
3373.jpg,3
98.jpg,3
214.jpg,4
3937.jpg,4
850.jpg,1
64.jpg,0
4182.jpg,3
3749.jpg,3
2895.jpg,3
2630.jpg,0
4342.jpg,0
794.jpg,3
4563.jpg,3
3676.jpg,3
3331.jpg,0
1905.jpg,2
1794.jpg,4
3467.jpg,3
3939.jpg,3
4472.jpg,0
2859.jpg,0
1624.jpg,0
3279.jpg,5
3821.jpg,4
222.jpg,0
1462.jpg,1
242.jpg,4
398.jpg,3
303.jpg,1
510.jpg,0
2206.jpg,1
3694.jpg,0
2855.jpg,3
1595.jpg,5
212.jpg,1
2046.jpg,1
3944.jpg,0
2986.jpg,0
1252.jpg,1
1732.jpg,2
3409.jpg,0
1311.jpg,1
3119.jpg,5
1745.jpg,3
2858.jpg,1
3995.jpg,5
621.jpg,0
1723.jpg,1
3556.jpg,0
4359.jpg,4
1644.jpg,3
114.jpg,5
497.jpg,0
2336.jpg,0
4302.jpg,5
1596.jpg,1
3644.jpg,1
2395.jpg,0
2912.jpg,3
999.jpg,5
2527.jpg,2
2495.jpg,0
2050.jpg,1
3101.jpg,1
4516.jpg,4
2507.jpg,0
4317.jpg,2
2851.jpg,1
3216.jpg,3
538.jpg,2
1781.jpg,4
2948.jpg,4
97.jpg,0
1049.jpg,1
2480.jpg,1
2049.jpg,3
3571.jpg,4
2192.jpg,4
1957.jpg,0
1518.jpg,1
986.jpg,1
4475.jpg,4
1706.jpg,0
1048.jpg,3
2291.jpg,1
527.jpg,1
106.jpg,5
96.jpg,1
63.jpg,0
132.jpg,3
3018.jpg,4
2737.jpg,4
241.jpg,4
2125.jpg,5
1085.jpg,0
2240.jpg,4
3640.jpg,1
3747.jpg,4
978.jpg,3
2037.jpg,1
633.jpg,3
1189.jpg,5
768.jpg,4
3539.jpg,2
1466.jpg,0
1804.jpg,0
657.jpg,5
4028.jpg,3
4270.jpg,5
2475.jpg,3
1760.jpg,5
2664.jpg,1
1621.jpg,0
2227.jpg,2
3211.jpg,2
4025.jpg,0
3259.jpg,4
2226.jpg,1
761.jpg,4
155.jpg,5
2813.jpg,4
762.jpg,1
3509.jpg,2
4665.jpg,1
492.jpg,4
4668.jpg,3
56.jpg,4
2197.jpg,4
4689.jpg,2
4164.jpg,2
1983.jpg,3
1641.jpg,5
2919.jpg,1
2524.jpg,3
3299.jpg,1
3659.jpg,4
1171.jpg,0
3345.jpg,3
3165.jpg,3
4370.jpg,4
3701.jpg,1
3335.jpg,5
3339.jpg,4
3764.jpg,0
3889.jpg,4
4287.jpg,3
2624.jpg,3
1506.jpg,3
1980.jpg,5
2412.jpg,2
4405.jpg,0
1842.jpg,3
2853.jpg,5
2209.jpg,5
3012.jpg,0
2798.jpg,2
2794.jpg,3
1117.jpg,0
3139.jpg,3
340.jpg,4
2010.jpg,1
4699.jpg,5
3121.jpg,0
3631.jpg,5
2894.jpg,4
3041.jpg,0
793.jpg,3
3309.jpg,0
2.jpg,1
2143.jpg,4
1545.jpg,4
2353.jpg,2
3508.jpg,1
3150.jpg,3
5.jpg,5
2107.jpg,3
2493.jpg,4
1669.jpg,1
1504.jpg,5
1779.jpg,5
1185.jpg,1
744.jpg,5
1993.jpg,1
2200.jpg,1
1759.jpg,5
4695.jpg,2
4398.jpg,1
4149.jpg,1
2435.jpg,1
2121.jpg,4
4245.jpg,2
77.jpg,3
91.jpg,1
674.jpg,1
2326.jpg,0
1793.jpg,2
4303.jpg,5
1835.jpg,5
4093.jpg,2
1625.jpg,3
457.jpg,3
2610.jpg,5
3052.jpg,0
571.jpg,2
4338.jpg,1
2638.jpg,4
207.jpg,0
1952.jpg,3
3689.jpg,3
628.jpg,5
1083.jpg,2
3457.jpg,0
3212.jpg,0
1389.jpg,2
4023.jpg,2
2486.jpg,4
4710.jpg,5
1728.jpg,3
2273.jpg,3
3376.jpg,1
2576.jpg,3
2388.jpg,0
2748.jpg,1
1699.jpg,0
413.jpg,3
4174.jpg,4
546.jpg,2
1002.jpg,4
3696.jpg,3
2265.jpg,0
2837.jpg,0
868.jpg,4
965.jpg,3
2117.jpg,3
3075.jpg,2
1122.jpg,5
558.jpg,1
3759.jpg,4
1011.jpg,2
1437.jpg,4
4360.jpg,0
57.jpg,4
2880.jpg,5
117.jpg,5
3189.jpg,2
1671.jpg,3
2727.jpg,3
3635.jpg,3
226.jpg,0
4257.jpg,1
3869.jpg,2
1298.jpg,3
1772.jpg,0
2738.jpg,3
1475.jpg,0
2950.jpg,1
3853.jpg,3
3741.jpg,0
2515.jpg,0
2051.jpg,2
1324.jpg,0
1778.jpg,0
4444.jpg,3
30.jpg,5
4304.jpg,0
1525.jpg,5
982.jpg,1
2218.jpg,3
1930.jpg,3
3040.jpg,0
792.jpg,1
526.jpg,1
4421.jpg,4
3812.jpg,2
3081.jpg,3
2301.jpg,2
2688.jpg,4
3243.jpg,4
511.jpg,2
138.jpg,4
1526.jpg,1
2632.jpg,3
3863.jpg,5
2104.jpg,0
4113.jpg,1
4221.jpg,1
395.jpg,5
3627.jpg,5
4375.jpg,1
2957.jpg,1
199.jpg,1
3363.jpg,3
4728.jpg,4
2196.jpg,1
4054.jpg,3
2429.jpg,3
1726.jpg,4
2921.jpg,4
145.jpg,1
2077.jpg,5
4105.jpg,0
2715.jpg,2
291.jpg,0
4436.jpg,3
3507.jpg,1
4276.jpg,5
134.jpg,3
4479.jpg,2
1076.jpg,3
4083.jpg,3
2067.jpg,4
123.jpg,3
559.jpg,3
1709.jpg,2
3168.jpg,5
3871.jpg,2
2535.jpg,0
2804.jpg,4
3497.jpg,2
906.jpg,0
4518.jpg,3
4466.jpg,1
394.jpg,3
2391.jpg,0
1911.jpg,0
3242.jpg,3
1038.jpg,1
3400.jpg,4
503.jpg,2
2151.jpg,4
997.jpg,3
417.jpg,5
3634.jpg,0
3035.jpg,3
2441.jpg,3
3532.jpg,5
3058.jpg,1
4380.jpg,3
3735.jpg,5
3538.jpg,4
4428.jpg,5
3698.jpg,0
1027.jpg,0
2405.jpg,4
3022.jpg,3
3367.jpg,5
3325.jpg,5
1769.jpg,3
1711.jpg,5
160.jpg,5
548.jpg,1
1751.jpg,3
342.jpg,5
2604.jpg,3
2362.jpg,0
1441.jpg,3
4627.jpg,0
1488.jpg,1
1810.jpg,3
3927.jpg,0
2916.jpg,4
686.jpg,5
2317.jpg,0
522.jpg,1
1128.jpg,5
4468.jpg,0
3658.jpg,5
16.jpg,5
525.jpg,5
1228.jpg,0
3115.jpg,0
4048.jpg,3
3493.jpg,0
1531.jpg,2
2289.jpg,1
4482.jpg,3
3719.jpg,0
4440.jpg,3
3336.jpg,5
3399.jpg,4
667.jpg,3
512.jpg,3
4016.jpg,0
2809.jpg,3
4226.jpg,2
4609.jpg,3
3784.jpg,2
1445.jpg,3
67.jpg,2
808.jpg,3
656.jpg,1
3499.jpg,5
2597.jpg,2
2325.jpg,0
587.jpg,0
4227.jpg,0
483.jpg,1
3586.jpg,2
1553.jpg,3
3779.jpg,4
1197.jpg,4
4657.jpg,2
706.jpg,3
4282.jpg,0
3232.jpg,5
2433.jpg,4
2235.jpg,1
725.jpg,1
3436.jpg,3
689.jpg,2
328.jpg,5
1848.jpg,4
4581.jpg,0
4564.jpg,0
1496.jpg,0
4717.jpg,3
4711.jpg,2
1738.jpg,3
1599.jpg,0
2925.jpg,3
1387.jpg,2
1619.jpg,0
2338.jpg,1
3006.jpg,2
1635.jpg,4
3613.jpg,3
3068.jpg,5
4238.jpg,2
2171.jpg,1
504.jpg,4
2066.jpg,5
3422.jpg,1
1762.jpg,3
2323.jpg,5
985.jpg,5
3236.jpg,0
44.jpg,5
2364.jpg,2
3181.jpg,2
3982.jpg,3
4533.jpg,3
2059.jpg,1
4170.jpg,2
4212.jpg,3
1593.jpg,0
4737.jpg,0
2042.jpg,0
3739.jpg,3
962.jpg,4
2324.jpg,0
4344.jpg,1
169.jpg,3
3077.jpg,4
4046.jpg,3
3687.jpg,1
1922.jpg,0
2008.jpg,2
4255.jpg,2
961.jpg,2
2945.jpg,2
2038.jpg,3
4313.jpg,1
2884.jpg,3
614.jpg,2
1511.jpg,2
2255.jpg,0
963.jpg,3
4446.jpg,0
3308.jpg,4
3955.jpg,3
4301.jpg,3
2909.jpg,2
2190.jpg,3
1948.jpg,1
66.jpg,1
2110.jpg,2
784.jpg,3
4461.jpg,0
4188.jpg,3
2979.jpg,0
412.jpg,1
3291.jpg,3
1115.jpg,1
3920.jpg,4
381.jpg,0
2152.jpg,2
3875.jpg,2
2271.jpg,0
2534.jpg,1
2386.jpg,5
400.jpg,1
2417.jpg,1
3884.jpg,1
3368.jpg,3
3697.jpg,4
68.jpg,4
1204.jpg,5
1403.jpg,4
2566.jpg,0
4498.jpg,1
3023.jpg,1
4452.jpg,1
3066.jpg,2
3957.jpg,3
2314.jpg,3
180.jpg,1
1896.jpg,4
1670.jpg,3
3929.jpg,1
2007.jpg,3
4556.jpg,3
3725.jpg,0
2036.jpg,0
1055.jpg,5
555.jpg,2
3251.jpg,3
2431.jpg,4
475.jpg,3
3346.jpg,4
1824.jpg,4
3551.jpg,3
2626.jpg,0
1708.jpg,2
815.jpg,1
2582.jpg,4
3540.jpg,3
3758.jpg,2
3655.jpg,3
4594.jpg,5
2258.jpg,4
3007.jpg,4
3332.jpg,5
1571.jpg,3
157.jpg,5
3584.jpg,2
2951.jpg,1
4217.jpg,4
2720.jpg,3
1492.jpg,4
1802.jpg,0
2275.jpg,1
3973.jpg,0
3442.jpg,3
661.jpg,4
1583.jpg,1
1468.jpg,4
3300.jpg,0
3972.jpg,2
391.jpg,0
3186.jpg,2
1193.jpg,3
3453.jpg,0
2005.jpg,4
3734.jpg,5
3620.jpg,2
595.jpg,0
4354.jpg,5
4591.jpg,3
2650.jpg,2
3562.jpg,5
2892.jpg,3
2846.jpg,3
3859.jpg,4
3881.jpg,2
3014.jpg,0
3280.jpg,0
1977.jpg,4
805.jpg,3
41.jpg,1
1452.jpg,2
3469.jpg,1
2869.jpg,3
3500.jpg,5
888.jpg,2
3386.jpg,0
1210.jpg,1
1761.jpg,0
2123.jpg,1
1187.jpg,5
3019.jpg,1
2694.jpg,3
1385.jpg,5
2961.jpg,5
4094.jpg,3
235.jpg,0
3839.jpg,4
1296.jpg,5
3962.jpg,1
4131.jpg,3
3072.jpg,2
629.jpg,4
1507.jpg,4
1079.jpg,3
3570.jpg,5
2573.jpg,3
202.jpg,0
1469.jpg,5
362.jpg,2
3692.jpg,1
3861.jpg,4
4234.jpg,4
1515.jpg,1
3761.jpg,0
4520.jpg,2
3109.jpg,3
4537.jpg,1
3147.jpg,1
120.jpg,0
2060.jpg,4
349.jpg,3
1753.jpg,2
4263.jpg,1
3377.jpg,4
1074.jpg,5
2296.jpg,3
1581.jpg,2
3020.jpg,1
3269.jpg,1
3408.jpg,1
4314.jpg,3
283.jpg,0
1341.jpg,2
1145.jpg,0
4555.jpg,1
1612.jpg,0
4707.jpg,5
568.jpg,5
2740.jpg,5
4390.jpg,0
3360.jpg,3
3948.jpg,2
4200.jpg,1
3866.jpg,1
4509.jpg,4
3989.jpg,0
2577.jpg,3
1190.jpg,1
2760.jpg,0
3461.jpg,3
237.jpg,1
3366.jpg,2
4203.jpg,0
4051.jpg,0
1964.jpg,5
4660.jpg,5
1180.jpg,3
1088.jpg,0
880.jpg,3
374.jpg,5
1852.jpg,1
3161.jpg,1
3214.jpg,3
128.jpg,4
3423.jpg,1
3878.jpg,1
1882.jpg,4
3369.jpg,4
1602.jpg,3
2930.jpg,1
478.jpg,1
2620.jpg,5
4722.jpg,1
21.jpg,2
4108.jpg,4
1464.jpg,5
931.jpg,1
1316.jpg,1
4629.jpg,2
807.jpg,4
2920.jpg,3
2013.jpg,1
39.jpg,5
330.jpg,0
843.jpg,5
3987.jpg,3
3479.jpg,1
4494.jpg,0
1984.jpg,1
4644.jpg,3
764.jpg,5
4291.jpg,0
4720.jpg,5
2455.jpg,0
2505.jpg,1
786.jpg,0
4273.jpg,0
4343.jpg,2
9.jpg,0
2305.jpg,3
2260.jpg,2
42.jpg,2
757.jpg,0
315.jpg,5
1736.jpg,0
4599.jpg,0
2421.jpg,1
1746.jpg,3
257.jpg,1
4683.jpg,3
3541.jpg,3
2885.jpg,5
2536.jpg,0
2575.jpg,3
2831.jpg,1
1902.jpg,0
4146.jpg,3
692.jpg,5
3321.jpg,3
2318.jpg,4
717.jpg,5
2156.jpg,0
2633.jpg,3
373.jpg,3
4191.jpg,1
3032.jpg,3
588.jpg,4
4138.jpg,3
4319.jpg,0
3801.jpg,5
930.jpg,1
682.jpg,3
4677.jpg,5
4081.jpg,0
4244.jpg,2
1474.jpg,5
1256.jpg,5
2845.jpg,1
1142.jpg,0
1424.jpg,2
3775.jpg,5
474.jpg,1
2100.jpg,1
4574.jpg,0
4528.jpg,1
2728.jpg,5
2184.jpg,1
3774.jpg,5
2370.jpg,4
3926.jpg,4
2217.jpg,2
859.jpg,0
910.jpg,0
3890.jpg,4
3729.jpg,2
4310.jpg,2
582.jpg,0
2700.jpg,0
1771.jpg,3
3218.jpg,2
3671.jpg,2
486.jpg,4
4366.jpg,3
3970.jpg,5
1455.jpg,1
885.jpg,1
3265.jpg,4
2674.jpg,3
188.jpg,0
1347.jpg,1
1870.jpg,3
4714.jpg,3
1899.jpg,3
3049.jpg,1
1652.jpg,3
4159.jpg,5
3329.jpg,2
2210.jpg,4
364.jpg,0
2786.jpg,3
2712.jpg,3
441.jpg,4
4719.jpg,4
99.jpg,3
4326.jpg,4
4399.jpg,2
4213.jpg,1
2940.jpg,5
2588.jpg,4
2522.jpg,5
3003.jpg,2
1951.jpg,5
1937.jpg,5
1665.jpg,2
2021.jpg,1
2020.jpg,4
1420.jpg,5
637.jpg,1
1121.jpg,5
756.jpg,2
2868.jpg,3
3793.jpg,3
4501.jpg,3
580.jpg,0
4667.jpg,2
1658.jpg,4
4193.jpg,5
1138.jpg,3
1561.jpg,0
790.jpg,3
2439.jpg,1
2502.jpg,1
1868.jpg,1
2047.jpg,3
2554.jpg,3
1241.jpg,2
4267.jpg,3
2304.jpg,3
3491.jpg,3
3546.jpg,1
3577.jpg,1
231.jpg,3
1023.jpg,5
3078.jpg,5
3574.jpg,5
1661.jpg,3
2643.jpg,3
3316.jpg,2
2842.jpg,4
3427.jpg,4
3287.jpg,5
1081.jpg,5
2436.jpg,1
3458.jpg,3
3419.jpg,4
4543.jpg,1
2124.jpg,1
3850.jpg,3
799.jpg,2
4625.jpg,3
1679.jpg,3
4388.jpg,5
3992.jpg,5
4713.jpg,5
1275.jpg,1
1399.jpg,1
871.jpg,4
86.jpg,5
4059.jpg,4
775.jpg,3
2470.jpg,1
2319.jpg,5
3843.jpg,0
1392.jpg,0
4306.jpg,2
1133.jpg,4
741.jpg,2
2185.jpg,0
1096.jpg,0
1756.jpg,3
4666.jpg,3
1767.jpg,1
1382.jpg,1
4165.jpg,0
2466.jpg,2
3650.jpg,4
3813.jpg,1
2675.jpg,1
1109.jpg,2
1113.jpg,1
899.jpg,2
4352.jpg,2
1815.jpg,4
1764.jpg,0
1613.jpg,2
4201.jpg,1
3755.jpg,1
4387.jpg,5
3991.jpg,4
2684.jpg,2
3651.jpg,3
1261.jpg,0
2032.jpg,2
2090.jpg,3
2744.jpg,1
53.jpg,0
1872.jpg,2
7.jpg,4
1104.jpg,0
4286.jpg,1
4630.jpg,0
4283.jpg,1
3730.jpg,3
3877.jpg,3
1209.jpg,0
2054.jpg,1
2499.jpg,2
3462.jpg,1
998.jpg,2
437.jpg,3
4194.jpg,2
1814.jpg,0
4294.jpg,0
1610.jpg,5
1854.jpg,0
3093.jpg,5
111.jpg,4
3237.jpg,0
2014.jpg,0
670.jpg,3
4492.jpg,0
3909.jpg,5
4327.jpg,0
771.jpg,0
4097.jpg,3
3699.jpg,2
280.jpg,3
4427.jpg,0
3056.jpg,0
3033.jpg,3
1386.jpg,3
170.jpg,2
2790.jpg,4
1634.jpg,5
2924.jpg,3
1584.jpg,1
3756.jpg,2
3384.jpg,1
3240.jpg,0
3142.jpg,0
4265.jpg,0
611.jpg,1
2826.jpg,1
3333.jpg,0
363.jpg,0
1903.jpg,5
4205.jpg,2
1797.jpg,0
4659.jpg,1
323.jpg,4
2910.jpg,1
90.jpg,2
1880.jpg,4
3780.jpg,5
407.jpg,5
2112.jpg,2
617.jpg,2
3506.jpg,0
2469.jpg,0
371.jpg,0
2732.jpg,3
1597.jpg,3
3855.jpg,3
3645.jpg,3
1285.jpg,4
1087.jpg,2
3432.jpg,1
3304.jpg,1
708.jpg,4
3136.jpg,2
3207.jpg,3
2157.jpg,1
4372.jpg,4
1950.jpg,0
195.jpg,4
4128.jpg,1
1036.jpg,3
3428.jpg,0
4616.jpg,2
3827.jpg,3
1014.jpg,0
1336.jpg,1
3498.jpg,0
613.jpg,0
2801.jpg,2
2963.jpg,3
3048.jpg,1
742.jpg,3
1517.jpg,3
3194.jpg,0
2510.jpg,2
2244.jpg,0
3455.jpg,2
151.jpg,1
1267.jpg,3
3164.jpg,5
3091.jpg,3
3418.jpg,5
2172.jpg,3
1226.jpg,3
2819.jpg,4
4688.jpg,1
2623.jpg,0
2179.jpg,1
1683.jpg,1
2568.jpg,3
1353.jpg,4
728.jpg,0
3158.jpg,4
3210.jpg,0
1010.jpg,1
1343.jpg,2
3623.jpg,3
4061.jpg,1
3187.jpg,3
2927.jpg,1
3393.jpg,3
182.jpg,3
1465.jpg,2
1429.jpg,0
833.jpg,3
4185.jpg,4
1684.jpg,0
54.jpg,1
1972.jpg,0
2555.jpg,3
950.jpg,1
4351.jpg,4
3892.jpg,1
751.jpg,1
4240.jpg,4
1174.jpg,5
1568.jpg,0
129.jpg,3
3580.jpg,0
2286.jpg,5
1878.jpg,1
2808.jpg,1
2372.jpg,0
125.jpg,0
4127.jpg,3
2251.jpg,3
402.jpg,1
977.jpg,2
411.jpg,2
3322.jpg,1
4120.jpg,2
3017.jpg,4
1885.jpg,3
615.jpg,1
15.jpg,3
4653.jpg,2
866.jpg,3
4084.jpg,2
1123.jpg,2
3553.jpg,3
3913.jpg,2
2076.jpg,5
908.jpg,2
1137.jpg,1
4034.jpg,2
2420.jpg,2
1338.jpg,0
1340.jpg,4
2313.jpg,4
4449.jpg,1
1941.jpg,0
3375.jpg,0
1182.jpg,3
2689.jpg,5
1832.jpg,3
3921.jpg,1
995.jpg,5
2463.jpg,0
2777.jpg,5
539.jpg,4
2959.jpg,0
176.jpg,4
4506.jpg,1
941.jpg,1
2205.jpg,3
2661.jpg,4
2243.jpg,2
1058.jpg,5
4250.jpg,5
4462.jpg,5
600.jpg,0
1201.jpg,3
2383.jpg,3
3486.jpg,3
589.jpg,2
2012.jpg,4
3182.jpg,3
3249.jpg,3
184.jpg,4
185.jpg,1
2040.jpg,3
1056.jpg,3
4412.jpg,4
1245.jpg,0
601.jpg,0
541.jpg,3
2368.jpg,4
701.jpg,0
136.jpg,3
3439.jpg,0
1069.jpg,4
95.jpg,0
2875.jpg,3
4414.jpg,1
678.jpg,0
4315.jpg,1
2407.jpg,5
3534.jpg,4
694.jpg,4
115.jpg,5
1918.jpg,5
3978.jpg,3
4426.jpg,1
3714.jpg,3
1461.jpg,0
4168.jpg,2
2281.jpg,5
4611.jpg,4
378.jpg,3
3270.jpg,5
3769.jpg,3
863.jpg,3
2344.jpg,3
3002.jpg,5
1876.jpg,4
2062.jpg,3
1816.jpg,0
1974.jpg,5
3372.jpg,0
654.jpg,0
2302.jpg,0
925.jpg,3
1782.jpg,2
858.jpg,4
1979.jpg,1
311.jpg,3
2861.jpg,5
1560.jpg,5
3935.jpg,1
817.jpg,3
4006.jpg,5
1284.jpg,3
71.jpg,1
1483.jpg,0
4384.jpg,5
1860.jpg,3
196.jpg,1
351.jpg,2
2242.jpg,1
4476.jpg,3
2208.jpg,2
1308.jpg,4
905.jpg,0
1207.jpg,4
896.jpg,4
1516.jpg,1
2561.jpg,2
2108.jpg,2
3669.jpg,2
3566.jpg,5
3359.jpg,1
4524.jpg,5
2997.jpg,4
239.jpg,1
447.jpg,2
1093.jpg,3
732.jpg,4
2269.jpg,0
2246.jpg,3
2250.jpg,1
4355.jpg,0
1320.jpg,2
461.jpg,3
3873.jpg,1
1784.jpg,5
2400.jpg,4
2687.jpg,5
2726.jpg,0
2321.jpg,3
2886.jpg,0
3918.jpg,0
31.jpg,0
3891.jpg,3
248.jpg,0
1888.jpg,4
47.jpg,3
4500.jpg,4
4551.jpg,3
4278.jpg,1
1158.jpg,1
3069.jpg,5
3559.jpg,0
17.jpg,0
2168.jpg,4
942.jpg,1
1312.jpg,2
767.jpg,4
4637.jpg,0
4402.jpg,1
1134.jpg,5
738.jpg,5
2710.jpg,0
1592.jpg,3
1502.jpg,3
3557.jpg,2
2333.jpg,3
2949.jpg,1
3176.jpg,5
2259.jpg,0
8.jpg,0
939.jpg,0
2481.jpg,1
1470.jpg,4
4362.jpg,5
1019.jpg,0
3563.jpg,0
3385.jpg,2
2543.jpg,4
1278.jpg,4
255.jpg,3
1025.jpg,0
232.jpg,5
2611.jpg,3
552.jpg,3
659.jpg,4
3046.jpg,4
4467.jpg,2
2787.jpg,0
2462.jpg,0
1167.jpg,5
3271.jpg,1
181.jpg,2
2111.jpg,5
429.jpg,4
1448.jpg,1
4606.jpg,1
2584.jpg,4
131.jpg,1
520.jpg,3
1898.jpg,3
4340.jpg,0
1253.jpg,1
4022.jpg,0
2199.jpg,2
4547.jpg,1
2233.jpg,5
2288.jpg,2
4254.jpg,2
853.jpg,3
1795.jpg,0
2670.jpg,4
3728.jpg,2
1066.jpg,3
3038.jpg,0
1807.jpg,1
1501.jpg,1
2824.jpg,4
4559.jpg,3
3246.jpg,3
4215.jpg,5
1323.jpg,0
2472.jpg,5
1822.jpg,0
4635.jpg,0
1240.jpg,4
3915.jpg,3
1520.jpg,1
715.jpg,5
1897.jpg,5
458.jpg,2
1924.jpg,1
11.jpg,4
1856.jpg,5
4296.jpg,4
1242.jpg,0
84.jpg,2
1139.jpg,3
1969.jpg,4
4397.jpg,0
2085.jpg,5
4035.jpg,1
3284.jpg,3
2430.jpg,5
2451.jpg,3
1534.jpg,0
485.jpg,2
2698.jpg,1
700.jpg,2
1871.jpg,0
3205.jpg,3
500.jpg,4
211.jpg,3
800.jpg,4
10.jpg,0
415.jpg,2
1073.jpg,4
4570.jpg,2
1062.jpg,3
1125.jpg,1
1070.jpg,2
109.jpg,1
4549.jpg,0
1030.jpg,2
2109.jpg,2
4305.jpg,5
2285.jpg,0
4015.jpg,4
2735.jpg,5
2818.jpg,4
3823.jpg,3
4561.jpg,5
2736.jpg,5
4529.jpg,1
3515.jpg,0
1940.jpg,2
2351.jpg,0
266.jpg,5
3568.jpg,0
746.jpg,4
1436.jpg,3
3267.jpg,3
1032.jpg,1
3705.jpg,1
683.jpg,3
673.jpg,5
2954.jpg,2
1549.jpg,1
3822.jpg,4
3567.jpg,2
4115.jpg,5
1933.jpg,3
1985.jpg,0
4621.jpg,4
304.jpg,2
462.jpg,0
2214.jpg,2
3145.jpg,0
4041.jpg,3
272.jpg,3
2889.jpg,3
932.jpg,3
1944.jpg,0
3616.jpg,0
4332.jpg,5
2044.jpg,3
2464.jpg,1
2864.jpg,2
1717.jpg,5
2608.jpg,3
4090.jpg,3
1615.jpg,3
3633.jpg,3
432.jpg,2
1499.jpg,5
1435.jpg,0
331.jpg,2
560.jpg,3
585.jpg,2
1685.jpg,0
3721.jpg,0
4077.jpg,3
3278.jpg,5
2478.jpg,5
3129.jpg,4
1127.jpg,3
2548.jpg,3
3027.jpg,1
677.jpg,3
290.jpg,0
355.jpg,3
2549.jpg,1
2525.jpg,4
2459.jpg,5
1166.jpg,5
4021.jpg,5
1266.jpg,2
4647.jpg,2
3183.jpg,1
3691.jpg,3
2392.jpg,1
3388.jpg,1
285.jpg,2
1554.jpg,4
3222.jpg,3
1718.jpg,0
3967.jpg,1
4493.jpg,4
1367.jpg,4
4552.jpg,4
4346.jpg,4
2890.jpg,3
2153.jpg,4
2696.jpg,0
1254.jpg,2
4391.jpg,4
1360.jpg,1
3548.jpg,0
1369.jpg,2
1864.jpg,1
3772.jpg,4
579.jpg,4
2981.jpg,2
4417.jpg,0
2816.jpg,0
2865.jpg,3
38.jpg,2
3474.jpg,5
4154.jpg,4
2390.jpg,0
507.jpg,4
1307.jpg,0
2901.jpg,5
1960.jpg,0
1203.jpg,4
4219.jpg,0
1748.jpg,0
3241.jpg,1
4437.jpg,5
2404.jpg,5
236.jpg,1
663.jpg,4
1628.jpg,1
3672.jpg,3
2679.jpg,1
2937.jpg,5
1078.jpg,2
2513.jpg,5
2585.jpg,3
265.jpg,0
3231.jpg,0
3835.jpg,2
788.jpg,0
4076.jpg,3
2378.jpg,4
4490.jpg,3
4575.jpg,0
881.jpg,1
4553.jpg,1
594.jpg,4
4614.jpg,0
836.jpg,3
3874.jpg,4
1075.jpg,3
721.jpg,4
4690.jpg,0
1220.jpg,2
4459.jpg,2
4678.jpg,2
1006.jpg,3
250.jpg,2
1195.jpg,5
3996.jpg,4
3923.jpg,3
1478.jpg,3
1231.jpg,2
1541.jpg,4
468.jpg,5
3059.jpg,2
3782.jpg,4
596.jpg,5
1697.jpg,3
2341.jpg,1
763.jpg,1
4371.jpg,2
1384.jpg,0
329.jpg,5
3420.jpg,0
3711.jpg,3
4183.jpg,4
3200.jpg,0
4623.jpg,1
3528.jpg,2
984.jpg,2
4396.jpg,5
2923.jpg,1
1111.jpg,2
4130.jpg,3
3327.jpg,0
456.jpg,4
4406.jpg,1
4541.jpg,4
1869.jpg,3
2055.jpg,0
3521.jpg,1
2558.jpg,4
3703.jpg,0
3133.jpg,4
4569.jpg,1
3971.jpg,1
482.jpg,3
3744.jpg,3
1866.jpg,1
524.jpg,3
1005.jpg,4
2270.jpg,1
2703.jpg,3
2757.jpg,1
4548.jpg,1
4578.jpg,0
1537.jpg,0
2039.jpg,2
1432.jpg,5
4173.jpg,3
2128.jpg,3
3668.jpg,1
735.jpg,1
2982.jpg,3
2382.jpg,1
4617.jpg,0
3638.jpg,1
2445.jpg,4
3899.jpg,1
3062.jpg,4
3679.jpg,1
3860.jpg,0
4675.jpg,0
3337.jpg,2
1417.jpg,5
2266.jpg,3
4144.jpg,3
1188.jpg,5
434.jpg,4
3980.jpg,5
778.jpg,1
4460.jpg,5
4701.jpg,5
1889.jpg,4
3844.jpg,3
809.jpg,0
4619.jpg,3
2762.jpg,1
1325.jpg,4
3255.jpg,3
3716.jpg,3
4650.jpg,1
1.jpg,0
1322.jpg,0
1982.jpg,2
3709.jpg,5
245.jpg,3
4277.jpg,3
369.jpg,0
4505.jpg,0
3997.jpg,2
2272.jpg,0
375.jpg,0
1548.jpg,1
1426.jpg,3
1873.jpg,3
4085.jpg,1
1060.jpg,5
1565.jpg,3
2500.jpg,4
2571.jpg,0
92.jpg,1
2488.jpg,2
1607.jpg,3
1082.jpg,2
3533.jpg,0
2542.jpg,1
3202.jpg,4
3466.jpg,4
1357.jpg,1
563.jpg,5
473.jpg,3
3690.jpg,5
3919.jpg,1
2063.jpg,0
2083.jpg,3
2253.jpg,5
1722.jpg,1
1264.jpg,3
4470.jpg,5
1414.jpg,1
1383.jpg,0
2991.jpg,5
4729.jpg,2
481.jpg,3
1547.jpg,3
3088.jpg,0
856.jpg,2
1016.jpg,0
671.jpg,0
1305.jpg,4
2938.jpg,0
422.jpg,3
167.jpg,3
1958.jpg,4
2057.jpg,3
353.jpg,3
2004.jpg,5
3753.jpg,4
4214.jpg,2
4259.jpg,3
3838.jpg,1
4321.jpg,0
4274.jpg,3
1973.jpg,5
1031.jpg,3
2989.jpg,3
586.jpg,0
1406.jpg,0
4133.jpg,3
4114.jpg,2
696.jpg,2
49.jpg,0
2936.jpg,3
1926.jpg,3
2778.jpg,2
4012.jpg,1
2247.jpg,1
3906.jpg,3
405.jpg,2
4202.jpg,2
274.jpg,3
3009.jpg,1
4487.jpg,3
2746.jpg,5
2158.jpg,0
1279.jpg,1
622.jpg,0
327.jpg,3
234.jpg,0
4275.jpg,3
3302.jpg,3
3828.jpg,3
2619.jpg,1
2118.jpg,0
48.jpg,3
3417.jpg,0
1931.jpg,1
3340.jpg,3
1421.jpg,1
2972.jpg,1
2783.jpg,1
121.jpg,2
848.jpg,1
852.jpg,3
646.jpg,3
650.jpg,4
2953.jpg,3
393.jpg,2
3381.jpg,3
1704.jpg,1
1476.jpg,3
3564.jpg,0
4347.jpg,0
2068.jpg,2
2904.jpg,4
569.jpg,3
3946.jpg,0
2103.jpg,5
1007.jpg,0
2033.jpg,5
2686.jpg,3
420.jpg,3
4605.jpg,3
2651.jpg,4
1590.jpg,3
2053.jpg,0
4089.jpg,3
3378.jpg,2
2398.jpg,1
3060.jpg,4
3113.jpg,4
3215.jpg,3
4209.jpg,2
3678.jpg,0
4141.jpg,0
4145.jpg,3
3315.jpg,1
470.jpg,1
1443.jpg,5
2966.jpg,4
4628.jpg,5
299.jpg,2
467.jpg,0
4376.jpg,0
570.jpg,4
917.jpg,2
220.jpg,0
3005.jpg,3
1862.jpg,3
3544.jpg,0
179.jpg,3
4197.jpg,1
414.jpg,0
668.jpg,1
3085.jpg,2
1040.jpg,1
2749.jpg,1
4732.jpg,4
1907.jpg,3
1589.jpg,3
1206.jpg,5
1805.jpg,2
731.jpg,4
2471.jpg,1
2870.jpg,5
3175.jpg,3
1891.jpg,2
643.jpg,3
1508.jpg,5
1411.jpg,0
2627.jpg,3
712.jpg,2
2448.jpg,0
816.jpg,3
496.jpg,1
1976.jpg,4
2135.jpg,2
427.jpg,3
3047.jpg,4
974.jpg,0
3816.jpg,1
3550.jpg,0
2058.jpg,3
2714.jpg,3
4658.jpg,2
4456.jpg,1
3604.jpg,1
1348.jpg,2
2284.jpg,4
554.jpg,3
3496.jpg,5
487.jpg,3
445.jpg,5
2649.jpg,3
189.jpg,4
4031.jpg,3
2609.jpg,4
307.jpg,1
3783.jpg,4
302.jpg,2
3125.jpg,5
1598.jpg,1
1379.jpg,1
669.jpg,0
676.jpg,5
4395.jpg,2
3099.jpg,3
423.jpg,4
2838.jpg,0
883.jpg,1
4532.jpg,5
1262.jpg,3
2489.jpg,3
4409.jpg,0
3752.jpg,1
1219.jpg,2
759.jpg,3
4166.jpg,4
4672.jpg,0
1744.jpg,1
2785.jpg,0
1850.jpg,4
927.jpg,3
2494.jpg,3
1151.jpg,2
3141.jpg,4
2663.jpg,1
4403.jpg,0
782.jpg,1
4622.jpg,5
4119.jpg,1
1444.jpg,5
2531.jpg,1
1892.jpg,3
821.jpg,5
2443.jpg,4
3894.jpg,0
1803.jpg,1
1559.jpg,3
966.jpg,3
4709.jpg,3
519.jpg,0
1655.jpg,3
1004.jpg,1
4153.jpg,4
3025.jpg,5
2327.jpg,4
4407.jpg,3
1412.jpg,3
3148.jpg,4
1342.jpg,1
1863.jpg,0
4162.jpg,3
3959.jpg,5
3071.jpg,0
3870.jpg,0
3394.jpg,2
1236.jpg,5
1394.jpg,3
3311.jpg,0
1495.jpg,3
1713.jpg,0
439.jpg,3
2709.jpg,2
1415.jpg,0
1942.jpg,4
2871.jpg,3
1812.jpg,2
2440.jpg,4
4538.jpg,4
2267.jpg,3
3657.jpg,4
1539.jpg,4
1164.jpg,4
903.jpg,0
1361.jpg,0
1763.jpg,0
1143.jpg,5
1626.jpg,5
3527.jpg,4
172.jpg,4
4736.jpg,2
4577.jpg,4
3446.jpg,1
851.jpg,3
3184.jpg,3
3593.jpg,3
479.jpg,4
4163.jpg,4
205.jpg,5
4680.jpg,0
409.jpg,2
4353.jpg,3
981.jpg,2
3298.jpg,0
1410.jpg,2
187.jpg,1
3426.jpg,3
62.jpg,2
3790.jpg,3
4080.jpg,0
35.jpg,4
1024.jpg,1
2011.jpg,3
2015.jpg,3
1319.jpg,2
1344.jpg,3
4389.jpg,4
4674.jpg,0
2025.jpg,1
4151.jpg,4
1530.jpg,4
2593.jpg,4
23.jpg,0
1765.jpg,5
1018.jpg,4
895.jpg,4
2411.jpg,4
4486.jpg,5
2574.jpg,1
1286.jpg,3
3288.jpg,1
118.jpg,4
1556.jpg,1
3100.jpg,4
2105.jpg,2
521.jpg,2
3084.jpg,1
3095.jpg,3
1529.jpg,0
476.jpg,2
688.jpg,3
523.jpg,1
1913.jpg,3
4224.jpg,4
4438.jpg,3
2027.jpg,2
4503.jpg,4
734.jpg,5
3549.jpg,3
4504.jpg,5
2583.jpg,1
82.jpg,0
2461.jpg,3
2665.jpg,4
4333.jpg,2
3219.jpg,4
891.jpg,3
2607.jpg,3
2672.jpg,2
336.jpg,4
3767.jpg,1
1068.jpg,1
2241.jpg,1
4511.jpg,3
4687.jpg,2
1682.jpg,1
2793.jpg,4
2866.jpg,2
1149.jpg,0
834.jpg,5
3029.jpg,3
3766.jpg,1
2026.jpg,4
3950.jpg,2
1405.jpg,5
4654.jpg,5
3879.jpg,5
953.jpg,3
4521.jpg,0
3076.jpg,0
3144.jpg,1
2193.jpg,5
2009.jpg,3
2310.jpg,5
3483.jpg,4
3624.jpg,1
4073.jpg,0
882.jpg,5
1009.jpg,1
803.jpg,3
4534.jpg,4
3632.jpg,0
1293.jpg,3
619.jpg,0
2557.jpg,1
1106.jpg,3
3649.jpg,4
2772.jpg,5
2676.jpg,0
3170.jpg,3
2815.jpg,4
2731.jpg,4
3503.jpg,4
1687.jpg,3
1791.jpg,0
2967.jpg,3
4526.jpg,1
2716.jpg,3
2312.jpg,2
3465.jpg,1
1299.jpg,1
289.jpg,1
3396.jpg,3
314.jpg,1
543.jpg,1
729.jpg,3
186.jpg,0
1045.jpg,0
2418.jpg,3
648.jpg,3
1858.jpg,4
2082.jpg,3
2642.jpg,0
4514.jpg,1
2823.jpg,0
2605.jpg,4
2978.jpg,2
1966.jpg,1
4429.jpg,0
780.jpg,0
3754.jpg,5
3956.jpg,3
215.jpg,2
719.jpg,5
1730.jpg,5
750.jpg,3
4441.jpg,5
4386.jpg,5
3872.jpg,3
2419.jpg,1
1962.jpg,0
765.jpg,4
875.jpg,3
2397.jpg,3
645.jpg,0
3471.jpg,3
3445.jpg,1
1119.jpg,5
4004.jpg,4
296.jpg,1
2817.jpg,0
3785.jpg,0
2137.jpg,3
4341.jpg,0
1178.jpg,3
4010.jpg,0
2238.jpg,5
530.jpg,2
3936.jpg,3
194.jpg,0
1200.jpg,3
4423.jpg,2
3341.jpg,3
4186.jpg,0
564.jpg,5
1939.jpg,0
2517.jpg,2
1647.jpg,5
3456.jpg,5
3391.jpg,0
3424.jpg,3
161.jpg,2
278.jpg,5
2065.jpg,0
133.jpg,4
4604.jpg,0
4096.jpg,3
3993.jpg,3
1259.jpg,1
2706.jpg,3
4364.jpg,3
4445.jpg,4
4724.jpg,1
1844.jpg,2
2071.jpg,3
864.jpg,1
2144.jpg,1
929.jpg,4
2539.jpg,3
718.jpg,0
3171.jpg,1
310.jpg,5
3986.jpg,3
781.jpg,1
2891.jpg,2
399.jpg,0
3352.jpg,0
1853.jpg,2
3348.jpg,2
839.jpg,0
124.jpg,3
685.jpg,0
3430.jpg,0
3128.jpg,3
1163.jpg,2
4676.jpg,0
2213.jpg,0
4027.jpg,3
3800.jpg,0
3802.jpg,1
80.jpg,3
1460.jpg,3
306.jpg,4
1168.jpg,1
4651.jpg,1
4112.jpg,1
2893.jpg,0
1839.jpg,0
1724.jpg,4
4323.jpg,3
3464.jpg,0
1818.jpg,1
3715.jpg,1
2198.jpg,1
2958.jpg,2
1790.jpg,5
4309.jpg,2
3942.jpg,3
1747.jpg,2
840.jpg,5
702.jpg,3
1846.jpg,1
2129.jpg,5
4050.jpg,5
3864.jpg,3
1246.jpg,4
2361.jpg,5
2300.jpg,3
2106.jpg,1
2393.jpg,3
43.jpg,2
451.jpg,3
887.jpg,1
4708.jpg,2
2147.jpg,3
33.jpg,2
796.jpg,4
293.jpg,0
1774.jpg,4
1564.jpg,0
130.jpg,4
2387.jpg,0
2298.jpg,3
3569.jpg,4
3804.jpg,1
3036.jpg,5
3925.jpg,3
1051.jpg,0
1646.jpg,4
553.jpg,3
2282.jpg,5
3582.jpg,2
4334.jpg,5
45.jpg,0
1365.jpg,5
2601.jpg,0
1849.jpg,3
1887.jpg,3
907.jpg,2
3981.jpg,1
1649.jpg,3
1148.jpg,3
2311.jpg,4
4638.jpg,2
2711.jpg,0
3234.jpg,1
2293.jpg,0
1413.jpg,1
2854.jpg,0
3724.jpg,3
870.jpg,5
4595.jpg,3
4288.jpg,3
635.jpg,4
4523.jpg,2
3126.jpg,4
900.jpg,3
4735.jpg,3
140.jpg,2
3700.jpg,5
747.jpg,1
1364.jpg,4
4143.jpg,0
1809.jpg,3
2942.jpg,3
1271.jpg,0
2511.jpg,1
4510.jpg,2
506.jpg,1
855.jpg,1
259.jpg,3
3791.jpg,3
292.jpg,2
1358.jpg,3
501.jpg,1
3934.jpg,0
3477.jpg,2
435.jpg,3
356.jpg,2
3820.jpg,4
397.jpg,1
1407.jpg,0
2130.jpg,4
1819.jpg,2
846.jpg,0
3162.jpg,3
4471.jpg,4
321.jpg,3
4069.jpg,3
3289.jpg,3
359.jpg,0
2964.jpg,3
3070.jpg,4
1996.jpg,4
4074.jpg,0
384.jpg,4
951.jpg,0
3233.jpg,0
680.jpg,3
4279.jpg,1
3654.jpg,1
2581.jpg,1
1566.jpg,4
4367.jpg,4
2719.jpg,3
4068.jpg,4
335.jpg,4
2389.jpg,2
4697.jpg,3
2177.jpg,5
1378.jpg,5
3004.jpg,0
3607.jpg,1
952.jpg,5
4142.jpg,0
3405.jpg,5
3112.jpg,5
3924.jpg,3
1110.jpg,1
936.jpg,1
2506.jpg,5
2127.jpg,1
3615.jpg,2
3660.jpg,5
4369.jpg,3
2567.jpg,1
1643.jpg,4
1116.jpg,4
2628.jpg,2
406.jpg,5
4330.jpg,0
884.jpg,1
4681.jpg,2
1287.jpg,4
3625.jpg,2
3080.jpg,3
3103.jpg,1
1943.jpg,1
655.jpg,2
2074.jpg,0
4379.jpg,3
996.jpg,3
4358.jpg,4
2926.jpg,3
2834.jpg,4
4331.jpg,3
1147.jpg,2
2723.jpg,2
4649.jpg,1
216.jpg,2
3742.jpg,3
4598.jpg,3
1071.jpg,3
1838.jpg,2
893.jpg,4
2681.jpg,4
2204.jpg,2
3028.jpg,4
1314.jpg,1
2115.jpg,3
1703.jpg,5
2330.jpg,2
3862.jpg,3
4179.jpg,2
2917.jpg,5
2444.jpg,0
320.jpg,1
2096.jpg,0
1851.jpg,2
385.jpg,5
2990.jpg,2
382.jpg,3
1668.jpg,3
2877.jpg,0
4525.jpg,3
4477.jpg,0
2807.jpg,2
360.jpg,3
1572.jpg,4
1829.jpg,3
4295.jpg,2
3511.jpg,2
1416.jpg,1
3712.jpg,1
2977.jpg,0
4601.jpg,3
515.jpg,0
1202.jpg,4
3845.jpg,4
2683.jpg,1
88.jpg,0
1603.jpg,3
3043.jpg,5
877.jpg,3
2334.jpg,3
4613.jpg,3
3810.jpg,3
2766.jpg,4
2983.jpg,1
103.jpg,0
2707.jpg,4
1731.jpg,3
281.jpg,1
4003.jpg,1
3397.jpg,4
3910.jpg,3
428.jpg,4
1484.jpg,1
2673.jpg,4
2598.jpg,2
2276.jpg,1
3275.jpg,1
4542.jpg,4
2613.jpg,4
1638.jpg,1
2098.jpg,0
2779.jpg,2
1160.jpg,4
1003.jpg,2
2879.jpg,4
2491.jpg,5
3965.jpg,2
166.jpg,2
1785.jpg,2
2357.jpg,0
862.jpg,4
2784.jpg,3
4101.jpg,5
2752.jpg,4
3448.jpg,1
1000.jpg,0
2116.jpg,0
1582.jpg,5
2254.jpg,0
1550.jpg,0
3357.jpg,4
3589.jpg,1
4691.jpg,0
480.jpg,3
724.jpg,0
463.jpg,1
1380.jpg,4
3414.jpg,1
1916.jpg,3
2697.jpg,3
4230.jpg,0
1258.jpg,3
1696.jpg,1
1886.jpg,1
4584.jpg,1
4030.jpg,0
2747.jpg,0
396.jpg,4
876.jpg,4
450.jpg,2
1758.jpg,2
2546.jpg,3
1356.jpg,3
1052.jpg,2
3227.jpg,3
2659.jpg,3
1440.jpg,5
3055.jpg,5
3788.jpg,1
1098.jpg,0
2654.jpg,1
1714.jpg,3
627.jpg,3
4431.jpg,4
919.jpg,0
4381.jpg,1
818.jpg,1
2692.jpg,1
2332.jpg,2
3832.jpg,5
703.jpg,4
50.jpg,3
874.jpg,3
2962.jpg,3
3034.jpg,1
743.jpg,3
3646.jpg,4
24.jpg,0
2229.jpg,2
2553.jpg,0
3561.jpg,5
1301.jpg,1
3513.jpg,0
4176.jpg,5
3079.jpg,5
797.jpg,3
1577.jpg,4
3985.jpg,1
529.jpg,3
3149.jpg,1
4485.jpg,4
1618.jpg,3
1486.jpg,3
1370.jpg,3
2031.jpg,1
3276.jpg,3
1398.jpg,5
2102.jpg,2
1035.jpg,5
1046.jpg,5
1992.jpg,0
2399.jpg,3
1235.jpg,3
3930.jpg,0
857.jpg,2
2617.jpg,0
3770.jpg,2
3257.jpg,5
2428.jpg,3
3595.jpg,2
3968.jpg,0
2369.jpg,4
3585.jpg,4
2073.jpg,0
1955.jpg,1
1650.jpg,1
3763.jpg,1
2994.jpg,1
3629.jpg,1
1990.jpg,2
3253.jpg,2
1631.jpg,3
87.jpg,5
1932.jpg,3
3277.jpg,0
1792.jpg,1
1659.jpg,1
3964.jpg,3
4592.jpg,1
2052.jpg,4
379.jpg,1
3104.jpg,2
2702.jpg,4
2781.jpg,0
2764.jpg,2
4036.jpg,5
3525.jpg,1
3310.jpg,0
801.jpg,3
4280.jpg,2
76.jpg,5
2761.jpg,0
3960.jpg,1
3683.jpg,4
4150.jpg,1
4158.jpg,2
4730.jpg,2
4106.jpg,2
452.jpg,2
1843.jpg,0
699.jpg,5
1674.jpg,3
2691.jpg,0
3074.jpg,3
2297.jpg,3
4652.jpg,2
1965.jpg,2
889.jpg,1
2159.jpg,5
2280.jpg,3
2221.jpg,0
3880.jpg,4
498.jpg,4
3857.jpg,0
2544.jpg,2
4499.jpg,5
469.jpg,1
1991.jpg,0
3354.jpg,0
2897.jpg,1
3324.jpg,1
723.jpg,3
1909.jpg,5
1611.jpg,0
4663.jpg,2
4066.jpg,3
2402.jpg,2
2848.jpg,1
19.jpg,2
213.jpg,2
1108.jpg,3
3882.jpg,2
472.jpg,5
370.jpg,0
4261.jpg,3
904.jpg,0
1283.jpg,5
2023.jpg,4
2993.jpg,5
2277.jpg,0
2705.jpg,0
2526.jpg,5
1900.jpg,0
2181.jpg,0
1162.jpg,4
1212.jpg,2
616.jpg,4
3642.jpg,0
317.jpg,1
1770.jpg,2
4718.jpg,0
3707.jpg,1
449.jpg,2
494.jpg,0
3888.jpg,0
4519.jpg,0
2216.jpg,4
3526.jpg,0
4095.jpg,5
3166.jpg,0
1874.jpg,0
4692.jpg,4
3825.jpg,2
2755.jpg,3
789.jpg,5
3057.jpg,2
4432.jpg,4
1855.jpg,4
1335.jpg,0
647.jpg,4
4662.jpg,1
2228.jpg,1
593.jpg,4
4573.jpg,0
989.jpg,5
1667.jpg,3
1354.jpg,5
1217.jpg,1
2485.jpg,3
3710.jpg,0
2587.jpg,2
1191.jpg,2
3016.jpg,1
4590.jpg,0
2237.jpg,3
1600.jpg,3
2182.jpg,4
711.jpg,1
2203.jpg,3
1527.jpg,2
1927.jpg,3
632.jpg,2
1834.jpg,2
4044.jpg,2
3990.jpg,5
2699.jpg,0
2860.jpg,3
704.jpg,3
4704.jpg,3
3188.jpg,1
2202.jpg,2
1472.jpg,0
1998.jpg,5
2497.jpg,1
1691.jpg,3
812.jpg,2
2492.jpg,1
4580.jpg,4
4242.jpg,1
3495.jpg,2
2932.jpg,3
1788.jpg,1
3941.jpg,3
2900.jpg,0
1029.jpg,0
2140.jpg,4
599.jpg,3
2589.jpg,1
975.jpg,2
2003.jpg,5
1826.jpg,2
3579.jpg,3
171.jpg,2
2164.jpg,1
1401.jpg,3
1633.jpg,3
842.jpg,1
2278.jpg,1
2980.jpg,5
282.jpg,0
1310.jpg,5
933.jpg,5
193.jpg,3
1034.jpg,1
1234.jpg,2
69.jpg,3
3344.jpg,1
3482.jpg,3
3449.jpg,4
1579.jpg,2
1350.jpg,0
1604.jpg,0
1213.jpg,1
3111.jpg,5
528.jpg,0
376.jpg,0
3460.jpg,4
3677.jpg,1
1639.jpg,2
2359.jpg,2
2339.jpg,0
1205.jpg,1
3054.jpg,4
1632.jpg,3
1326.jpg,4
2416.jpg,4
3630.jpg,0
2380.jpg,0
958.jpg,5
679.jpg,2
3560.jpg,1
346.jpg,0
2987.jpg,0
971.jpg,3
3105.jpg,5
3295.jpg,4
2883.jpg,3
1272.jpg,3
1956.jpg,3
3435.jpg,0
4187.jpg,0
2427.jpg,3
4576.jpg,4
1183.jpg,4
153.jpg,2
3545.jpg,5
2248.jpg,4
4535.jpg,1
26.jpg,1
218.jpg,5
4410.jpg,5
581.jpg,2
464.jpg,4
716.jpg,1
3846.jpg,1
3708.jpg,5
1662.jpg,1
4632.jpg,4
1637.jpg,3
649.jpg,3
3262.jpg,1
2635.jpg,0
2652.jpg,3
3695.jpg,4
271.jpg,0
1290.jpg,1
2806.jpg,2
3281.jpg,3
6.jpg,0
2180.jpg,3
2594.jpg,3
70.jpg,1
3573.jpg,4
3452.jpg,0
1291.jpg,5
4184.jpg,1
1099.jpg,5
957.jpg,0
1994.jpg,2
3565.jpg,1
490.jpg,0
869.jpg,0
2775.jpg,2
3364.jpg,3
1776.jpg,2
940.jpg,4
1813.jpg,3
533.jpg,0
2800.jpg,0
3138.jpg,1
1150.jpg,3
4014.jpg,5
4289.jpg,2
4118.jpg,3
390.jpg,3
443.jpg,0
416.jpg,1
1836.jpg,3
1397.jpg,3
3958.jpg,0
3898.jpg,1
2041.jpg,4
518.jpg,2
1528.jpg,3
2225.jpg,0
4733.jpg,4
4483.jpg,3
4721.jpg,0
1425.jpg,5
20.jpg,3
460.jpg,2
4099.jpg,1
4039.jpg,0
208.jpg,5
3303.jpg,0
489.jpg,5
1513.jpg,5
148.jpg,0
221.jpg,3
867.jpg,3
491.jpg,4
3777.jpg,4
666.jpg,1
2970.jpg,4
3558.jpg,2
2346.jpg,2
1423.jpg,0
2615.jpg,1
1366.jpg,1
4169.jpg,0
3954.jpg,4
4420.jpg,1
2006.jpg,5
4597.jpg,1
2069.jpg,0
2618.jpg,5
1622.jpg,3
2075.jpg,2
2001.jpg,3
1766.jpg,1
578.jpg,1
2750.jpg,2
1773.jpg,2
4425.jpg,2
1543.jpg,1
4047.jpg,0
1925.jpg,1
4029.jpg,5
3720.jpg,5
287.jpg,3
2498.jpg,2
175.jpg,1
2939.jpg,3
745.jpg,3
4633.jpg,0
1120.jpg,4
1971.jpg,1
4231.jpg,1
1089.jpg,5
112.jpg,0
3876.jpg,0
1500.jpg,3
2902.jpg,1
1331.jpg,3
2352.jpg,3
2432.jpg,5
32.jpg,0
3044.jpg,4
967.jpg,1
2637.jpg,2
3868.jpg,3
347.jpg,3
2514.jpg,5
2690.jpg,3
3011.jpg,3
4480.jpg,2
1159.jpg,3
4271.jpg,0
1877.jpg,1
1215.jpg,2
144.jpg,0
3156.jpg,0
2903.jpg,0
4233.jpg,5
1482.jpg,1
2682.jpg,4
987.jpg,2
4137.jpg,5
1678.jpg,4
1879.jpg,3
403.jpg,2
1257.jpg,4
4019.jpg,0
4181.jpg,0
3608.jpg,2
947.jpg,0
1509.jpg,0
1289.jpg,2
2863.jpg,3
551.jpg,1
4530.jpg,3
1664.jpg,3
2771.jpg,1
1821.jpg,1
2579.jpg,2
459.jpg,2
3416.jpg,1
1750.jpg,0
3576.jpg,5
4620.jpg,2
1130.jpg,3
126.jpg,5
4324.jpg,0
2279.jpg,3
3597.jpg,3
2175.jpg,3
2354.jpg,0
4129.jpg,5
3347.jpg,2
1768.jpg,3
1640.jpg,0
1901.jpg,3
1485.jpg,2
4610.jpg,3
2141.jpg,1
1725.jpg,1
547.jpg,4
2178.jpg,5
1274.jpg,3
254.jpg,5
4473.jpg,0
1755.jpg,0
4550.jpg,4
4057.jpg,1
3596.jpg,4
3851.jpg,0
3831.jpg,2
477.jpg,4
61.jpg,5
2355.jpg,3
3619.jpg,1
4698.jpg,1
2810.jpg,4
1368.jpg,3
2849.jpg,1
3235.jpg,3
3663.jpg,1
733.jpg,3
424.jpg,4
3356.jpg,2
4508.jpg,0
1012.jpg,4
3229.jpg,1
1013.jpg,3
3177.jpg,5
408.jpg,1
3268.jpg,3
1015.jpg,0
4223.jpg,1
960.jpg,4
1454.jpg,0
2084.jpg,2
107.jpg,4
4646.jpg,4
75.jpg,3
3776.jpg,4
2189.jpg,0
3938.jpg,1
190.jpg,3
1021.jpg,2
3264.jpg,3
2805.jpg,4
1654.jpg,5
3682.jpg,1
2094.jpg,0
3908.jpg,3
3307.jpg,5
513.jpg,1
2070.jpg,0
1963.jpg,3
992.jpg,1
1806.jpg,4
3852.jpg,4
976.jpg,2
920.jpg,3
3392.jpg,1
2315.jpg,0
3618.jpg,1
2660.jpg,0
2413.jpg,5
229.jpg,4
93.jpg,4
4088.jpg,4
4152.jpg,2
1540.jpg,0
3911.jpg,3
499.jpg,5
3994.jpg,5
256.jpg,0
1239.jpg,4
224.jpg,2
319.jpg,2
419.jpg,3
3940.jpg,4
2220.jpg,5
3410.jpg,0
1477.jpg,4
3220.jpg,3
4032.jpg,4
3089.jpg,5
3.jpg,2
2138.jpg,4
2030.jpg,2
2578.jpg,4
2653.jpg,0
2655.jpg,5
1893.jpg,4
2743.jpg,1
1135.jpg,0
1840.jpg,5
4147.jpg,5
3370.jpg,1
592.jpg,0
1306.jpg,4
1268.jpg,3
886.jpg,5
912.jpg,0
1961.jpg,1
4661.jpg,5
2329.jpg,4
684.jpg,4
348.jpg,1
3292.jpg,1
4481.jpg,4
204.jpg,0
2401.jpg,4
4536.jpg,5
3732.jpg,2
142.jpg,2
246.jpg,1
0.jpg,3
3403.jpg,1
2678.jpg,1
2835.jpg,5
4545.jpg,4
3153.jpg,3
3931.jpg,0
4284.jpg,0
2934.jpg,0
2614.jpg,3
3407.jpg,2
2545.jpg,0
4726.jpg,3
644.jpg,0
2396.jpg,1
2245.jpg,4
1623.jpg,4
1184.jpg,3
4239.jpg,3
3263.jpg,5
4064.jpg,1
4001.jpg,0
3098.jpg,3
3554.jpg,5
2426.jpg,0
3228.jpg,1
105.jpg,5
2833.jpg,1
3610.jpg,4
3489.jpg,3
3662.jpg,0
312.jpg,2
3293.jpg,0
3064.jpg,1
3572.jpg,1
4253.jpg,2
3433.jpg,4
3814.jpg,2
1620.jpg,1
1535.jpg,0
4300.jpg,2
3723.jpg,1
4673.jpg,2
3803.jpg,2
1232.jpg,0
4411.jpg,5
29.jpg,1
2898.jpg,3
173.jpg,1
3413.jpg,3
4350.jpg,1
1152.jpg,1
46.jpg,5
2136.jpg,2
1102.jpg,5
13.jpg,5
301.jpg,3
4415.jpg,1
584.jpg,0
3305.jpg,1
4365.jpg,1
3501.jpg,5
1606.jpg,3
1923.jpg,1
2133.jpg,3
3160.jpg,3
3713.jpg,1
928.jpg,0
337.jpg,4
3024.jpg,1
2056.jpg,3
2504.jpg,2
979.jpg,1
1739.jpg,0
4311.jpg,1
3897.jpg,1
3350.jpg,3
865.jpg,3
4293.jpg,0
1059.jpg,1
811.jpg,4
4318.jpg,0
225.jpg,2
3975.jpg,2
3811.jpg,0
1938.jpg,4
273.jpg,5
455.jpg,2
1303.jpg,2
3736.jpg,5
357.jpg,4
770.jpg,4
4469.jpg,2
1605.jpg,2
389.jpg,0
2342.jpg,0
1532.jpg,2
4056.jpg,3
4418.jpg,0
3771.jpg,2
2174.jpg,4
3185.jpg,1
2149.jpg,2
2693.jpg,5
223.jpg,3
1244.jpg,5
3578.jpg,3
630.jpg,0
1642.jpg,1
4361.jpg,3
78.jpg,5
4554.jpg,1
2408.jpg,1
4148.jpg,3
4408.jpg,3
3922.jpg,4
576.jpg,4
3130.jpg,0
3248.jpg,1
4517.jpg,4
714.jpg,4
1946.jpg,3
2384.jpg,3
3314.jpg,3
1377.jpg,2
4454.jpg,0
2791.jpg,4
4457.jpg,3
1875.jpg,1
1395.jpg,0
969.jpg,3
3795.jpg,4
3429.jpg,2
4531.jpg,1
2410.jpg,1
3693.jpg,5
3208.jpg,5
2231.jpg,1
1446.jpg,3
3547.jpg,5
251.jpg,3
3244.jpg,0
421.jpg,5
561.jpg,3
1677.jpg,0
3614.jpg,3
261.jpg,0
2999.jpg,4
4404.jpg,4
4235.jpg,0
3274.jpg,2
972.jpg,4
1740.jpg,3
3042.jpg,3
2832.jpg,3
4572.jpg,4
1216.jpg,2
970.jpg,3
4237.jpg,1
557.jpg,1
3849.jpg,4
264.jpg,5
365.jpg,3
1742.jpg,1
36.jpg,3
3794.jpg,4
158.jpg,0
4700.jpg,3
4292.jpg,2
1430.jpg,5
3000.jpg,1
3358.jpg,0
3704.jpg,5
726.jpg,2
3221.jpg,0
2423.jpg,4
4558.jpg,2
4329.jpg,0
4008.jpg,5
1181.jpg,0
4065.jpg,2
3196.jpg,2
3045.jpg,4
2016.jpg,0
4694.jpg,2
3203.jpg,1
1780.jpg,5
3362.jpg,3
1673.jpg,0
3737.jpg,1
4033.jpg,5
1575.jpg,0
377.jpg,0
3598.jpg,3
4356.jpg,2
3587.jpg,4
894.jpg,0
2857.jpg,2
749.jpg,3
262.jpg,1
1008.jpg,5
163.jpg,2
610.jpg,0
1172.jpg,4
2119.jpg,4
4262.jpg,5
664.jpg,3
573.jpg,3
4615.jpg,3
2888.jpg,0
3247.jpg,5
4439.jpg,1
1280.jpg,3
1847.jpg,2
3543.jpg,2
55.jpg,4
2146.jpg,4
642.jpg,3
4377.jpg,5
2120.jpg,1
2634.jpg,3
3037.jpg,4
4378.jpg,0
590.jpg,3
3163.jpg,0
4345.jpg,2
2572.jpg,2
40.jpg,1
2283.jpg,3
1978.jpg,1
2195.jpg,3
418.jpg,0
3152.jpg,0
4020.jpg,1
1498.jpg,3
104.jpg,4
810.jpg,1
465.jpg,1
444.jpg,4
4325.jpg,0
3487.jpg,1
4107.jpg,1
1243.jpg,0
760.jpg,2
4251.jpg,0
1346.jpg,3
3143.jpg,1
2261.jpg,4
1503.jpg,5
4157.jpg,2
3213.jpg,1
4328.jpg,1
755.jpg,4
1789.jpg,3
4631.jpg,1
1408.jpg,0
1601.jpg,1
713.jpg,4
1480.jpg,1
736.jpg,4
675.jpg,1
3648.jpg,2
2034.jpg,2
2375.jpg,0
3349.jpg,4
4671.jpg,0
2113.jpg,4
536.jpg,5
2061.jpg,1
4374.jpg,2
1141.jpg,3
2812.jpg,0
3552.jpg,1
909.jpg,2
3383.jpg,4
1783.jpg,0
1251.jpg,5
1737.jpg,3
178.jpg,5
2759.jpg,3
1491.jpg,4
1146.jpg,0
2899.jpg,4
1457.jpg,0
4167.jpg,1
2274.jpg,4
1787.jpg,2
3664.jpg,3
2873.jpg,2
294.jpg,3
2097.jpg,3
4018.jpg,0
4160.jpg,2
4567.jpg,1
2592.jpg,0
288.jpg,4
3173.jpg,1
2669.jpg,4
1097.jpg,3
1218.jpg,2
532.jpg,3
147.jpg,3
3169.jpg,5
2537.jpg,5
2717.jpg,1
1629.jpg,2
3809.jpg,5
2915.jpg,3
1065.jpg,4
4385.jpg,0
1865.jpg,0
1363.jpg,1
773.jpg,4
2829.jpg,0
4734.jpg,4
4207.jpg,5
748.jpg,3
3928.jpg,3
1233.jpg,0
1282.jpg,0
3637.jpg,2
3102.jpg,0
1928.jpg,2
1904.jpg,0
3328.jpg,3
305.jpg,2
3740.jpg,0
448.jpg,1
3245.jpg,2
1112.jpg,3
297.jpg,3
2134.jpg,1
495.jpg,0
2629.jpg,0
2998.jpg,4
3675.jpg,3
3848.jpg,0
2844.jpg,3
1837.jpg,1
198.jpg,1
3817.jpg,3
2639.jpg,3
2126.jpg,1
2331.jpg,4
4626.jpg,5
3733.jpg,0
3395.jpg,3
4198.jpg,2
575.jpg,3
1467.jpg,0
4670.jpg,2
1936.jpg,3
3900.jpg,3
662.jpg,5
3643.jpg,0
4102.jpg,0
1309.jpg,4
2625.jpg,2
52.jpg,2
4312.jpg,0
1906.jpg,1
2680.jpg,3
2145.jpg,0
4241.jpg,5
2002.jpg,4
1741.jpg,2
3799.jpg,3
1636.jpg,2
4247.jpg,5
3840.jpg,0
1463.jpg,1
4693.jpg,4
3673.jpg,3
253.jpg,0
466.jpg,3
766.jpg,4
4587.jpg,0
1487.jpg,0
4177.jpg,5
4416.jpg,2
1165.jpg,0
1967.jpg,5
944.jpg,1
3266.jpg,0
3621.jpg,4
1449.jpg,3
2827.jpg,3
2154.jpg,4
991.jpg,3
1563.jpg,5
4175.jpg,0
366.jpg,3
1037.jpg,1
2756.jpg,3
2996.jpg,5
4618.jpg,1
2080.jpg,3
3492.jpg,2
3670.jpg,3
1157.jpg,1
3494.jpg,1
2795.jpg,0
4268.jpg,1
2631.jpg,1
3371.jpg,2
252.jpg,0
4248.jpg,5
4495.jpg,3
1041.jpg,3
1001.jpg,0
2452.jpg,1
4228.jpg,0
392.jpg,1
2201.jpg,5
3067.jpg,0
228.jpg,4
3902.jpg,0
1562.jpg,3
2656.jpg,3
345.jpg,4
3294.jpg,3
2612.jpg,3
3805.jpg,0
2483.jpg,3
3172.jpg,0
3824.jpg,1
3123.jpg,1
3743.jpg,5
1707.jpg,4
3773.jpg,3
2878.jpg,0
1686.jpg,1
4002.jpg,4
1705.jpg,3
2188.jpg,0
343.jpg,0
824.jpg,2
3883.jpg,2
2530.jpg,5
3674.jpg,0
2335.jpg,3
72.jpg,0
2358.jpg,2
828.jpg,3
1883.jpg,3
2802.jpg,1
3472.jpg,5
2081.jpg,1
681.jpg,2
3907.jpg,3
3602.jpg,5
3949.jpg,4
3622.jpg,1
3131.jpg,1
1022.jpg,1
3836.jpg,3
2713.jpg,4
2520.jpg,1
2212.jpg,0
3951.jpg,4
2532.jpg,1
4686.jpg,2
4199.jpg,0
1820.jpg,2
2512.jpg,1
835.jpg,3
2973.jpg,3
4602.jpg,5
4583.jpg,5
14.jpg,1
2095.jpg,2
830.jpg,3
3001.jpg,4
219.jpg,4
1393.jpg,0
73.jpg,5
844.jpg,3
4513.jpg,4
620.jpg,4
58.jpg,0
3512.jpg,0
2965.jpg,5
1523.jpg,0
776.jpg,0
4634.jpg,0
2636.jpg,5
1129.jpg,4
3116.jpg,4
1551.jpg,3
2906.jpg,4
4560.jpg,0
3977.jpg,4
3726.jpg,2
1823.jpg,3
1720.jpg,5
2474.jpg,1
89.jpg,3
2371.jpg,5
3398.jpg,2
3326.jpg,4
1845.jpg,0
4393.jpg,0
243.jpg,5
3768.jpg,0
2538.jpg,3
3661.jpg,4
574.jpg,1
837.jpg,4
4382.jpg,1
3488.jpg,1
1186.jpg,4
1371.jpg,5
572.jpg,2
3238.jpg,4
3338.jpg,3
1140.jpg,4
2657.jpg,3
2306.jpg,2
1090.jpg,4
2565.jpg,1
2754.jpg,1
2290.jpg,5
4727.jpg,0
4208.jpg,5
697.jpg,2
1295.jpg,5
3090.jpg,1
94.jpg,2
4087.jpg,1
2725.jpg,3
2000.jpg,3
2307.jpg,3
3626.jpg,1
845.jpg,3
135.jpg,1
4236.jpg,3
2867.jpg,3
2018.jpg,5
3798.jpg,3
672.jpg,5
3522.jpg,4
2741.jpg,3
727.jpg,3
1352.jpg,4
3684.jpg,2
1419.jpg,0
2523.jpg,1
4190.jpg,3
4225.jpg,1
3665.jpg,2
959.jpg,1
1648.jpg,2
2905.jpg,3
1929.jpg,4
1381.jpg,2
3195.jpg,4
3718.jpg,4
4648.jpg,3
2765.jpg,4
1063.jpg,0
3401.jpg,5
915.jpg,1
2356.jpg,1
2160.jpg,0
822.jpg,3
2667.jpg,0
2183.jpg,4
826.jpg,3
3120.jpg,5
2944.jpg,5
4172.jpg,0
3053.jpg,1
1451.jpg,1
3107.jpg,4
4121.jpg,5
4593.jpg,3
2028.jpg,1
3865.jpg,1
1727.jpg,3
1733.jpg,5
1345.jpg,4
4042.jpg,4
334.jpg,1
4126.jpg,3
1155.jpg,4
820.jpg,3
1156.jpg,3
3542.jpg,1
1349.jpg,0
446.jpg,5
1250.jpg,3
4491.jpg,4
4512.jpg,3
2658.jpg,3
4588.jpg,5
705.jpg,4
4210.jpg,2
2434.jpg,5
4308.jpg,0
2792.jpg,1
3440.jpg,5
238.jpg,3
1265.jpg,1
2484.jpg,0
4607.jpg,3
227.jpg,5
550.jpg,1
2734.jpg,4
3760.jpg,3
3230.jpg,2
1154.jpg,2
3110.jpg,0
3901.jpg,5
3887.jpg,3
332.jpg,2
2887.jpg,0
2093.jpg,4
583.jpg,4
879.jpg,3
270.jpg,2
825.jpg,1
2843.jpg,1
4413.jpg,4
1026.jpg,5
2721.jpg,3
3389.jpg,1
1533.jpg,4
2377.jpg,0
753.jpg,0
938.jpg,4
3914.jpg,5
177.jpg,4
1672.jpg,2
1497.jpg,4
201.jpg,3
1230.jpg,1
209.jpg,2
2586.jpg,0
1688.jpg,3
1890.jpg,2
4450.jpg,3
2976.jpg,4
4716.jpg,0
1536.jpg,0
1799.jpg,0
367.jpg,2
1831.jpg,0
1712.jpg,5
2170.jpg,0
2767.jpg,1
1124.jpg,2
12.jpg,3
2446.jpg,3
3217.jpg,5
516.jpg,2
980.jpg,2
298.jpg,3
2215.jpg,3
4515.jpg,0
149.jpg,3
4123.jpg,4
3239.jpg,0
2874.jpg,3
1223.jpg,1
2424.jpg,4
2101.jpg,1
4435.jpg,0
4565.jpg,3
752.jpg,3
3639.jpg,3
350.jpg,2
3256.jpg,3
2758.jpg,5
1391.jpg,2
2908.jpg,2
309.jpg,4
3818.jpg,3
1095.jpg,4
1716.jpg,5
2662.jpg,3
2089.jpg,2
2769.jpg,5
1676.jpg,4
3010.jpg,4
1388.jpg,1
4140.jpg,4
295.jpg,1
2960.jpg,0
2928.jpg,1
4568.jpg,4
2207.jpg,1
565.jpg,5
3443.jpg,2
3796.jpg,2
1402.jpg,4
2701.jpg,5
4339.jpg,2
1459.jpg,4
3297.jpg,2
3594.jpg,3
3387.jpg,2
3537.jpg,2
2896.jpg,2
1630.jpg,1
4368.jpg,1
380.jpg,3
2249.jpg,2
3762.jpg,5
152.jpg,2
3135.jpg,1
1080.jpg,2
1538.jpg,1
3895.jpg,5
1970.jpg,2
3431.jpg,0
2907.jpg,0
2862.jpg,2
698.jpg,4
2442.jpg,0
1827.jpg,0
2704.jpg,2
3943.jpg,5
4451.jpg,2
2797.jpg,4
4079.jpg,0
1919.jpg,0
4082.jpg,4
4696.jpg,0
4562.jpg,0
625.jpg,1
2644.jpg,1
3106.jpg,5
652.jpg,4
841.jpg,1
4448.jpg,1
3680.jpg,4
3706.jpg,5
268.jpg,1
275.jpg,3
1248.jpg,5
3969.jpg,2
2918.jpg,4
829.jpg,3
1047.jpg,4
1910.jpg,3
386.jpg,1
2458.jpg,4
3896.jpg,3
1144.jpg,2
3841.jpg,2
946.jpg,3
3343.jpg,3
1269.jpg,3
1796.jpg,3
4281.jpg,2
3411.jpg,4
100.jpg,2
2616.jpg,3
1422.jpg,4
2268.jpg,0
787.jpg,2
2521.jpg,5
1092.jpg,3
3051.jpg,3
2224.jpg,0
4458.jpg,4
1263.jpg,0
2360.jpg,0
1196.jpg,4
945.jpg,5
814.jpg,2
1427.jpg,4
4139.jpg,0
174.jpg,5
707.jpg,3
1153.jpg,2
1573.jpg,0
1434.jpg,5
3517.jpg,4
4086.jpg,3
3653.jpg,0
3094.jpg,1
4005.jpg,2
3402.jpg,1
4122.jpg,2
1653.jpg,0
3601.jpg,2
954.jpg,4
1914.jpg,3
3122.jpg,2
3296.jpg,1
3475.jpg,5
502.jpg,5
4007.jpg,0
210.jpg,1
2264.jpg,3
3114.jpg,5
110.jpg,4
720.jpg,2
113.jpg,4
3082.jpg,0
2668.jpg,0
1493.jpg,3
1221.jpg,2
4232.jpg,3
1431.jpg,3
2646.jpg,5
608.jpg,3
779.jpg,2
795.jpg,0
74.jpg,5
2501.jpg,3
1084.jpg,1
3468.jpg,4
827.jpg,3
2968.jpg,1
1114.jpg,5
326.jpg,0
1591.jpg,1
3666.jpg,3
156.jpg,3
1313.jpg,0
3983.jpg,5
913.jpg,0
1881.jpg,1
4447.jpg,4
612.jpg,3
4336.jpg,1
1702.jpg,1
1609.jpg,2
3826.jpg,1
1861.jpg,1
922.jpg,0
203.jpg,5
65.jpg,2
2165.jpg,5
3209.jpg,2
4394.jpg,0
1276.jpg,3
1552.jpg,5
2995.jpg,3
3893.jpg,5
2547.jpg,3
3854.jpg,3
217.jpg,1
2847.jpg,5
1328.jpg,2
1935.jpg,2
3180.jpg,2
358.jpg,0
4424.jpg,4
1651.jpg,3
4009.jpg,3
1300.jpg,0
4037.jpg,2
137.jpg,0
3636.jpg,3
4060.jpg,3
2562.jpg,5
1920.jpg,3
2422.jpg,1
3204.jpg,4
3617.jpg,1
2647.jpg,2
313.jpg,0
3581.jpg,1
878.jpg,1
127.jpg,0
325.jpg,3
3612.jpg,3
3444.jpg,4
2087.jpg,1
567.jpg,2
3480.jpg,3
3353.jpg,0
2528.jpg,1
772.jpg,5
3681.jpg,1
3815.jpg,0
2768.jpg,0
1318.jpg,0
1694.jpg,3
1225.jpg,4
4.jpg,2
3463.jpg,1
143.jpg,4
769.jpg,0
3588.jpg,1
60.jpg,3
1351.jpg,1
1908.jpg,5
79.jpg,1
4655.jpg,0
1734.jpg,1
3953.jpg,2
1315.jpg,3
2516.jpg,5
1660.jpg,4
3450.jpg,3
1921.jpg,0
988.jpg,1
1373.jpg,2
4507.jpg,3
2490.jpg,4
1173.jpg,1
3272.jpg,2
1450.jpg,5
710.jpg,3
651.jpg,3
3502.jpg,5
2508.jpg,2
3778.jpg,2
1617.jpg,4
4258.jpg,4
3382.jpg,3
2347.jpg,2
2820.jpg,1
3252.jpg,3
2559.jpg,1
2947.jpg,3
2263.jpg,3
2019.jpg,3
1057.jpg,2
983.jpg,1
488.jpg,3
4684.jpg,2
3731.jpg,3
3757.jpg,3
3285.jpg,0
1522.jpg,1
819.jpg,2
1735.jpg,4
921.jpg,4
2322.jpg,1
2974.jpg,3
3476.jpg,3
860.jpg,3
2882.jpg,5
1270.jpg,1
3406.jpg,0
3323.jpg,4
823.jpg,5
990.jpg,1
2733.jpg,3
108.jpg,3
2742.jpg,1
1077.jpg,1
2092.jpg,3
1999.jpg,3
4195.jpg,1
27.jpg,3
3159.jpg,0
4178.jpg,3
2345.jpg,5
2641.jpg,0
4639.jpg,1
1954.jpg,5
861.jpg,5
2988.jpg,3
636.jpg,4
4243.jpg,2
1989.jpg,0
1986.jpg,0
1894.jpg,4
937.jpg,3
3745.jpg,2
119.jpg,3
4110.jpg,5
2811.jpg,1
2770.jpg,4
1645.jpg,5
4337.jpg,3
4043.jpg,0
2724.jpg,4
1192.jpg,4
605.jpg,4
1934.jpg,1
3286.jpg,3
854.jpg,4
609.jpg,0
247.jpg,3
1372.jpg,4
566.jpg,3
2294.jpg,3
3441.jpg,3
777.jpg,5
531.jpg,3
1404.jpg,5
3179.jpg,3
1317.jpg,2
1981.jpg,4
1817.jpg,5
2872.jpg,3
1857.jpg,0
3154.jpg,0
4706.jpg,1
2556.jpg,3
4316.jpg,1
2363.jpg,0
3312.jpg,3
85.jpg,4
607.jpg,5
3727.jpg,3
2409.jpg,5
4264.jpg,4
436.jpg,5
3096.jpg,2
404.jpg,1
849.jpg,3
388.jpg,1
3361.jpg,1
1567.jpg,1
318.jpg,1
3404.jpg,4
2599.jpg,5
3628.jpg,2
4269.jpg,3
2931.jpg,4
2438.jpg,4
267.jpg,2
3191.jpg,1
4063.jpg,0
3201.jpg,3
2287.jpg,5
1680.jpg,0
1044.jpg,1
433.jpg,0
1975.jpg,4
2753.jpg,2
2773.jpg,2
308.jpg,1
3355.jpg,1
1512.jpg,0
3787.jpg,4
1987.jpg,4
1666.jpg,1
2956.jpg,5
1409.jpg,3
1376.jpg,0
2913.jpg,3
3830.jpg,0
804.jpg,4
1505.jpg,2
2079.jpg,1
1176.jpg,0
2148.jpg,1
3792.jpg,3
3050.jpg,4
4155.jpg,0
2086.jpg,2
1959.jpg,1
4136.jpg,2
1657.jpg,0
2465.jpg,0
2295.jpg,0
2374.jpg,3
2479.jpg,4
4453.jpg,3
2131.jpg,2
324.jpg,2
2941.jpg,1
3592.jpg,2
2385.jpg,3
22.jpg,3
3999.jpg,4
2373.jpg,5
4488.jpg,3
4335.jpg,2
2509.jpg,3
3330.jpg,3
4582.jpg,4
4078.jpg,3
2564.jpg,1
1321.jpg,2
2943.jpg,1
2600.jpg,0
2560.jpg,3
1132.jpg,1
3351.jpg,0
2257.jpg,3
2194.jpg,1
4540.jpg,0
4400.jpg,1
2782.jpg,2
2992.jpg,2
3250.jpg,5
872.jpg,3
4062.jpg,3
935.jpg,2
3193.jpg,1
3134.jpg,4
1752.jpg,3
2975.jpg,0
1418.jpg,0
2803.jpg,4
3334.jpg,3
3717.jpg,2
4171.jpg,1
410.jpg,4
892.jpg,0
4642.jpg,4
1586.jpg,2
2985.jpg,5
338.jpg,2
2460.jpg,5
1131.jpg,1
3837.jpg,0
3155.jpg,2
956.jpg,3
1177.jpg,0
3174.jpg,1
183.jpg,0
3583.jpg,2
901.jpg,2
993.jpg,0
2252.jpg,5
2519.jpg,0
1557.jpg,2
2828.jpg,4
1194.jpg,2
3390.jpg,2
3415.jpg,3
4070.jpg,1
2450.jpg,2
3988.jpg,2
758.jpg,1
618.jpg,1
665.jpg,0
2163.jpg,0
4049.jpg,1
2914.jpg,3
2176.jpg,3
3600.jpg,1
3858.jpg,0
4260.jpg,2
754.jpg,0
3966.jpg,4
260.jpg,4
4125.jpg,3
2088.jpg,2
3470.jpg,4
544.jpg,0
3317.jpg,0
4204.jpg,4
4715.jpg,5
431.jpg,2
316.jpg,4
509.jpg,2
774.jpg,0
3167.jpg,4
2239.jpg,1
1841.jpg,3
2836.jpg,4
438.jpg,4
2316.jpg,3
1105.jpg,1
4612.jpg,1
2881.jpg,4
924.jpg,0
2078.jpg,5
4465.jpg,4
2403.jpg,1
3591.jpg,1
191.jpg,2
2256.jpg,3
1198.jpg,3
4679.jpg,3
2308.jpg,1
4075.jpg,5
2114.jpg,2
2487.jpg,4
4218.jpg,3
730.jpg,3
1100.jpg,0
2029.jpg,4
2169.jpg,1
4442.jpg,5
3146.jpg,2
59.jpg,2
3421.jpg,5
4067.jpg,1
1396.jpg,2
1544.jpg,1
3781.jpg,4
4211.jpg,4
3290.jpg,0
1238.jpg,0
471.jpg,3
4600.jpg,4
4484.jpg,3
1800.jpg,3
1988.jpg,3
2091.jpg,2
4161.jpg,0
2540.jpg,3
2320.jpg,1
3039.jpg,4
4643.jpg,1
4053.jpg,0
2035.jpg,3
1453.jpg,3
1777.jpg,4
2677.jpg,0
1447.jpg,0
3127.jpg,4
1043.jpg,4
3722.jpg,0
4071.jpg,3
4189.jpg,0
1438.jpg,2
1039.jpg,3
1362.jpg,3
3886.jpg,5
2788.jpg,5
1585.jpg,0
276.jpg,0
1895.jpg,3
4249.jpg,0
3438.jpg,1
3599.jpg,4
1729.jpg,0
426.jpg,2
1179.jpg,4
4100.jpg,3
2048.jpg,1
493.jpg,0
1229.jpg,1
2139.jpg,0
3412.jpg,3
2173.jpg,0
4527.jpg,1
3481.jpg,0
1103.jpg,0
3026.jpg,3
2064.jpg,2
740.jpg,1
709.jpg,0
2745.jpg,2
4297.jpg,1
4072.jpg,3
3963.jpg,0
1715.jpg,1
2454.jpg,2
2367.jpg,5
3140.jpg,5
4596.jpg,4
4285.jpg,1
3847.jpg,3
4013.jpg,0
2350.jpg,5
2876.jpg,1
3609.jpg,5
168.jpg,2
3459.jpg,0
602.jpg,3
1199.jpg,3
3530.jpg,0
4474.jpg,0
3806.jpg,4
4266.jpg,3
3013.jpg,3
4392.jpg,2
4669.jpg,4
1614.jpg,3
934.jpg,1
2685.jpg,1
3536.jpg,1
263.jpg,5
2328.jpg,1
3750.jpg,5
1997.jpg,1
604.jpg,3
192.jpg,4
4322.jpg,0
2449.jpg,4
606.jpg,3
2167.jpg,0
164.jpg,4
1175.jpg,1
322.jpg,0
2476.jpg,3
200.jpg,0
4522.jpg,4
361.jpg,1
2969.jpg,3
2645.jpg,1
4357.jpg,5
2729.jpg,1
2640.jpg,3
2591.jpg,5
4645.jpg,3
2552.jpg,3
1247.jpg,3
832.jpg,2
2529.jpg,1
3519.jpg,1
3514.jpg,4
4544.jpg,2
1953.jpg,0
3867.jpg,2
453.jpg,4
2541.jpg,5
2718.jpg,1
1968.jpg,4
1798.jpg,5
4000.jpg,1
150.jpg,1
1801.jpg,1
3856.jpg,1
3226.jpg,3
3829.jpg,3
1945.jpg,0
1514.jpg,0
693.jpg,5
4546.jpg,5
2223.jpg,1
556.jpg,2
18.jpg,4
3261.jpg,3
3137.jpg,1
1701.jpg,1
3834.jpg,4
1558.jpg,3
4636.jpg,2
3647.jpg,4
2099.jpg,0
3606.jpg,4
2596.jpg,4
2569.jpg,1
3151.jpg,4
3686.jpg,5
926.jpg,3
3206.jpg,0
973.jpg,1
3917.jpg,2
3374.jpg,3
2262.jpg,3
534.jpg,4
2292.jpg,1
2821.jpg,3
1333.jpg,0
4705.jpg,3
3605.jpg,3
3224.jpg,1
2852.jpg,1
116.jpg,3
3319.jpg,2
2606.jpg,0
1494.jpg,2
425.jpg,2
540.jpg,5
4091.jpg,4
2379.jpg,4
1521.jpg,2
2219.jpg,5
4497.jpg,4
1118.jpg,2
1524.jpg,4
3065.jpg,1
1949.jpg,3
2191.jpg,3
549.jpg,4
3998.jpg,1
3833.jpg,5
2563.jpg,4
3916.jpg,0
948.jpg,0
1912.jpg,1
3273.jpg,2
339.jpg,3
640.jpg,0
3437.jpg,0
37.jpg,3
873.jpg,5
1578.jpg,1
737.jpg,4
1050.jpg,3
2595.jpg,1
1616.jpg,4
2477.jpg,3
2122.jpg,2
3523.jpg,3
2551.jpg,2
3473.jpg,4
1433.jpg,2
626.jpg,1
4299.jpg,0
4011.jpg,5
368.jpg,1
141.jpg,2
1061.jpg,0
1255.jpg,2
4640.jpg,5
3124.jpg,2
1053.jpg,3
2814.jpg,4
2739.jpg,0
783.jpg,3
2929.jpg,3
4098.jpg,0
505.jpg,0
1675.jpg,0
3478.jpg,1
3976.jpg,2
542.jpg,0
284.jpg,1
2503.jpg,0
3282.jpg,5
344.jpg,2
165.jpg,5
3748.jpg,1
3365.jpg,1
440.jpg,3
1580.jpg,1
3190.jpg,1
4192.jpg,4
3260.jpg,1
2789.jpg,3
258.jpg,1
2830.jpg,1
354.jpg,0
1811.jpg,4
4348.jpg,2
4571.jpg,5
4434.jpg,0
641.jpg,3
25.jpg,1
1490.jpg,1
3590.jpg,3
545.jpg,5
1304.jpg,5
4124.jpg,4
2603.jpg,4
1555.jpg,1
2774.jpg,1
1456.jpg,1
4502.jpg,2
1743.jpg,4
1327.jpg,4
2856.jpg,4
806.jpg,3
3379.jpg,5
4685.jpg,2
3425.jpg,3
1094.jpg,1
3008.jpg,1
1656.jpg,5
1588.jpg,5
3451.jpg,3
1281.jpg,3
1375.jpg,3
387.jpg,2
3108.jpg,0
2822.jpg,1
535.jpg,0
4222.jpg,1
2456.jpg,1
916.jpg,5
1054.jpg,5
3807.jpg,2
1400.jpg,2
890.jpg,0
3885.jpg,5
4463.jpg,1
3516.jpg,3
352.jpg,0
1719.jpg,4
3842.jpg,5
1917.jpg,4
1329.jpg,0
197.jpg,5
4111.jpg,3
2533.jpg,0
3974.jpg,0
1489.jpg,3
1072.jpg,1
4422.jpg,4
279.jpg,5
949.jpg,2
3030.jpg,1
4135.jpg,5
1302.jpg,5
2839.jpg,2
1698.jpg,3
3947.jpg,1
244.jpg,1
4196.jpg,5
4307.jpg,0
687.jpg,2
1749.jpg,4
690.jpg,1
3021.jpg,1
1064.jpg,5
3575.jpg,4
1663.jpg,3
798.jpg,5
3738.jpg,1
1028.jpg,2
3751.jpg,0
2776.jpg,5
3611.jpg,0
4045.jpg,5
4134.jpg,4
1519.jpg,3
2518.jpg,3
1757.jpg,4
3535.jpg,4
802.jpg,3
508.jpg,3
2349.jpg,5
1471.jpg,1
3529.jpg,1
2043.jpg,0
4272.jpg,5
695.jpg,0
2955.jpg,3
81.jpg,4
3905.jpg,4
3979.jpg,3
813.jpg,4
2695.jpg,4
964.jpg,0
634.jpg,2
2155.jpg,2
943.jpg,0
2671.jpg,5
1574.jpg,4
2348.jpg,2
2722.jpg,3
383.jpg,2
2911.jpg,1
3447.jpg,3
4430.jpg,0
2230.jpg,3
2708.jpg,0
4252.jpg,0
1292.jpg,4
1808.jpg,0
3192.jpg,3
4586.jpg,1
2621.jpg,1
277.jpg,4
1390.jpg,3
3306.jpg,5
2453.jpg,5
2186.jpg,3
638.jpg,0
2850.jpg,0
2467.jpg,4
3531.jpg,5
2187.jpg,1
722.jpg,0
3520.jpg,2
598.jpg,3
3667.jpg,1
484.jpg,2
1136.jpg,3
4116.jpg,0
3117.jpg,2
3505.jpg,1
1710.jpg,1
2234.jpg,2
1297.jpg,1
4229.jpg,5
2142.jpg,0
838.jpg,2
2406.jpg,1
955.jpg,1
4702.jpg,3
4017.jpg,3
3685.jpg,3
2132.jpg,0
2602.jpg,2
1915.jpg,4
1546.jpg,5
1169.jpg,2
658.jpg,2
2666.jpg,3
154.jpg,2
4132.jpg,3
4557.jpg,1
3223.jpg,0
3518.jpg,0
454.jpg,3
3485.jpg,1
4603.jpg,3
206.jpg,1
2222.jpg,3
2425.jpg,1
3912.jpg,3
1721.jpg,0
2952.jpg,2
372.jpg,3
923.jpg,3
631.jpg,0
1294.jpg,1
1017.jpg,1
624.jpg,3
918.jpg,5
1542.jpg,1
1867.jpg,4
4320.jpg,2
34.jpg,5
4104.jpg,2
3904.jpg,1
3061.jpg,0
3157.jpg,3
4103.jpg,1
1570.jpg,1
3380.jpg,3
3702.jpg,3
2211.jpg,1
994.jpg,3
1692.jpg,2
2414.jpg,4
2570.jpg,3
4383.jpg,1
3984.jpg,3
653.jpg,0
4489.jpg,3
2550.jpg,1
1101.jpg,2
2161.jpg,2
2648.jpg,1
1608.jpg,2
1273.jpg,2
562.jpg,5
3656.jpg,4
341.jpg,5
4641.jpg,5
4496.jpg,3
2366.jpg,2
4419.jpg,2
3797.jpg,3
2045.jpg,1
1355.jpg,2
4206.jpg,2
3786.jpg,5
1042.jpg,2
1020.jpg,4
4290.jpg,4
1224.jpg,1
2232.jpg,0
102.jpg,2
1359.jpg,5
4109.jpg,3
4579.jpg,1
4624.jpg,1
911.jpg,2
1947.jpg,0
1339.jpg,5
3524.jpg,0
4703.jpg,1
1277.jpg,3
4092.jpg,1
4038.jpg,0
623.jpg,2
3132.jpg,2
3933.jpg,5
898.jpg,2
3952.jpg,2
